date,region,boss_id,boss_name,difficulty,participants,attempts,clears
2024-06-26,KR,BOSS001,Celestial Wyrm,NORMAL,8744,11868,6903
2024-06-26,KR,BOSS001,Celestial Wyrm,HARD,4427,7655,2216
2024-06-26,KR,BOSS001,Celestial Wyrm,NIGHTMARE,1957,3530,455
2024-06-26,JP,BOSS001,Celestial Wyrm,NORMAL,8018,10849,6294
2024-06-26,JP,BOSS001,Celestial Wyrm,HARD,3855,6560,1770
2024-06-26,JP,BOSS001,Celestial Wyrm,NIGHTMARE,1601,2862,307
2024-06-26,GLOBAL_WEST,BOSS001,Celestial Wyrm,NORMAL,14859,21325,11608
2024-06-26,GLOBAL_WEST,BOSS001,Celestial Wyrm,HARD,7347,12503,3521
2024-06-26,GLOBAL_WEST,BOSS001,Celestial Wyrm,NIGHTMARE,3299,5720,782
2024-06-27,KR,BOSS001,Celestial Wyrm,NORMAL,9309,12111,7090
2024-06-27,KR,BOSS001,Celestial Wyrm,HARD,4581,8177,2170
2024-06-27,KR,BOSS001,Celestial Wyrm,NIGHTMARE,1715,3045,375
2024-06-27,JP,BOSS001,Celestial Wyrm,NORMAL,8109,10651,6315
2024-06-27,JP,BOSS001,Celestial Wyrm,HARD,3991,6673,1788
2024-06-27,JP,BOSS001,Celestial Wyrm,NIGHTMARE,1611,2663,272
2024-06-27,GLOBAL_WEST,BOSS001,Celestial Wyrm,NORMAL,15271,21230,11637
2024-06-27,GLOBAL_WEST,BOSS001,Celestial Wyrm,HARD,7238,12426,3595
2024-06-27,GLOBAL_WEST,BOSS001,Celestial Wyrm,NIGHTMARE,2846,5029,529
2024-06-28,KR,BOSS001,Celestial Wyrm,NORMAL,9282,12285,6973
2024-06-28,KR,BOSS001,Celestial Wyrm,HARD,4618,7991,2203
2024-06-28,KR,BOSS001,Celestial Wyrm,NIGHTMARE,2057,3389,426
2024-06-28,JP,BOSS001,Celestial Wyrm,NORMAL,7744,10565,6096
2024-06-28,JP,BOSS001,Celestial Wyrm,HARD,3847,6941,1882
2024-06-28,JP,BOSS001,Celestial Wyrm,NIGHTMARE,1719,3126,341
2024-06-28,GLOBAL_WEST,BOSS001,Celestial Wyrm,NORMAL,15567,20571,11886
2024-06-28,GLOBAL_WEST,BOSS001,Celestial Wyrm,HARD,7496,13485,3558
2024-06-28,GLOBAL_WEST,BOSS001,Celestial Wyrm,NIGHTMARE,3166,5457,634
2024-06-29,KR,BOSS001,Celestial Wyrm,NORMAL,9299,12533,7272
2024-06-29,KR,BOSS001,Celestial Wyrm,HARD,4847,8615,2172
2024-06-29,KR,BOSS001,Celestial Wyrm,NIGHTMARE,1981,3348,414
2024-06-29,JP,BOSS001,Celestial Wyrm,NORMAL,7878,11234,6216
2024-06-29,JP,BOSS001,Celestial Wyrm,HARD,3960,7019,1748
2024-06-29,JP,BOSS001,Celestial Wyrm,NIGHTMARE,1720,2996,282
2024-06-29,GLOBAL_WEST,BOSS001,Celestial Wyrm,NORMAL,15589,20920,11719
2024-06-29,GLOBAL_WEST,BOSS001,Celestial Wyrm,HARD,7699,13388,3691
2024-06-29,GLOBAL_WEST,BOSS001,Celestial Wyrm,NIGHTMARE,2823,4741,547
2024-06-30,KR,BOSS001,Celestial Wyrm,NORMAL,9419,12778,7462
2024-06-30,KR,BOSS001,Celestial Wyrm,HARD,4586,7896,1994
2024-06-30,KR,BOSS001,Celestial Wyrm,NIGHTMARE,1899,3270,389
2024-06-30,JP,BOSS001,Celestial Wyrm,NORMAL,7751,10295,5730
2024-06-30,JP,BOSS001,Celestial Wyrm,HARD,3795,6487,1673
2024-06-30,JP,BOSS001,Celestial Wyrm,NIGHTMARE,1562,2688,269
2024-06-30,GLOBAL_WEST,BOSS001,Celestial Wyrm,NORMAL,15802,20464,11793
2024-06-30,GLOBAL_WEST,BOSS001,Celestial Wyrm,HARD,8200,13817,3887
2024-06-30,GLOBAL_WEST,BOSS001,Celestial Wyrm,NIGHTMARE,3290,5998,692
2024-07-01,KR,BOSS001,Celestial Wyrm,NORMAL,9476,12801,7602
2024-07-01,KR,BOSS001,Celestial Wyrm,HARD,4454,7986,2179
2024-07-01,KR,BOSS001,Celestial Wyrm,NIGHTMARE,1932,3388,397
2024-07-01,JP,BOSS001,Celestial Wyrm,NORMAL,8122,10764,6454
2024-07-01,JP,BOSS001,Celestial Wyrm,HARD,4114,7345,2114
2024-07-01,JP,BOSS001,Celestial Wyrm,NIGHTMARE,1958,3341,382
2024-07-01,GLOBAL_WEST,BOSS001,Celestial Wyrm,NORMAL,16090,21295,12897
2024-07-01,GLOBAL_WEST,BOSS001,Celestial Wyrm,HARD,7689,13404,3489
2024-07-01,GLOBAL_WEST,BOSS001,Celestial Wyrm,NIGHTMARE,3685,6410,739
2024-07-02,KR,BOSS001,Celestial Wyrm,NORMAL,9304,12034,7325
2024-07-02,KR,BOSS001,Celestial Wyrm,HARD,4752,8277,2256
2024-07-02,KR,BOSS001,Celestial Wyrm,NIGHTMARE,1833,3152,357
2024-07-02,JP,BOSS001,Celestial Wyrm,NORMAL,8278,11078,6660
2024-07-02,JP,BOSS001,Celestial Wyrm,HARD,3891,6849,1797
2024-07-02,JP,BOSS001,Celestial Wyrm,NIGHTMARE,1781,3129,352
2024-07-02,GLOBAL_WEST,BOSS001,Celestial Wyrm,NORMAL,15551,20745,12141
2024-07-02,GLOBAL_WEST,BOSS001,Celestial Wyrm,HARD,7933,13843,3525
2024-07-02,GLOBAL_WEST,BOSS001,Celestial Wyrm,NIGHTMARE,3096,5567,799
2024-07-03,KR,BOSS001,Celestial Wyrm,NORMAL,9488,12766,7493
2024-07-03,KR,BOSS001,Celestial Wyrm,HARD,4766,8390,2213
2024-07-03,KR,BOSS001,Celestial Wyrm,NIGHTMARE,2051,3532,438
2024-07-03,JP,BOSS001,Celestial Wyrm,NORMAL,8220,11380,6221
2024-07-03,JP,BOSS001,Celestial Wyrm,HARD,3869,6580,1676
2024-07-03,JP,BOSS001,Celestial Wyrm,NIGHTMARE,1528,2637,172
2024-07-03,GLOBAL_WEST,BOSS001,Celestial Wyrm,NORMAL,16661,22359,12821
2024-07-03,GLOBAL_WEST,BOSS001,Celestial Wyrm,HARD,7940,14201,3281
2024-07-03,GLOBAL_WEST,BOSS001,Celestial Wyrm,NIGHTMARE,3439,6034,575
2024-07-04,KR,BOSS001,Celestial Wyrm,NORMAL,9533,13120,7248
2024-07-04,KR,BOSS001,Celestial Wyrm,HARD,4854,8492,2198
2024-07-04,KR,BOSS001,Celestial Wyrm,NIGHTMARE,1910,3400,337
2024-07-04,JP,BOSS001,Celestial Wyrm,NORMAL,8353,10550,6782
2024-07-04,JP,BOSS001,Celestial Wyrm,HARD,4193,7400,2027
2024-07-04,JP,BOSS001,Celestial Wyrm,NIGHTMARE,1761,3091,352
2024-07-04,GLOBAL_WEST,BOSS001,Celestial Wyrm,NORMAL,16575,21392,12658
2024-07-04,GLOBAL_WEST,BOSS001,Celestial Wyrm,HARD,7935,13853,3947
2024-07-04,GLOBAL_WEST,BOSS001,Celestial Wyrm,NIGHTMARE,3360,5716,671
2024-07-05,KR,BOSS001,Celestial Wyrm,NORMAL,10043,13553,7732
2024-07-05,KR,BOSS001,Celestial Wyrm,HARD,5016,8956,2355
2024-07-05,KR,BOSS001,Celestial Wyrm,NIGHTMARE,2046,3416,415
2024-07-05,JP,BOSS001,Celestial Wyrm,NORMAL,8369,11326,6457
2024-07-05,JP,BOSS001,Celestial Wyrm,HARD,4010,7016,1775
2024-07-05,JP,BOSS001,Celestial Wyrm,NIGHTMARE,1984,3533,407
2024-07-05,GLOBAL_WEST,BOSS001,Celestial Wyrm,NORMAL,16473,21385,12945
2024-07-05,GLOBAL_WEST,BOSS001,Celestial Wyrm,HARD,8160,14049,3744
2024-07-05,GLOBAL_WEST,BOSS001,Celestial Wyrm,NIGHTMARE,3613,6625,725
2024-07-06,KR,BOSS001,Celestial Wyrm,NORMAL,9891,13543,7692
2024-07-06,KR,BOSS001,Celestial Wyrm,HARD,5133,8725,2443
2024-07-06,KR,BOSS001,Celestial Wyrm,NIGHTMARE,2083,3690,362
2024-07-06,JP,BOSS001,Celestial Wyrm,NORMAL,8213,11026,6750
2024-07-06,JP,BOSS001,Celestial Wyrm,HARD,4094,7233,1912
2024-07-06,JP,BOSS001,Celestial Wyrm,NIGHTMARE,1664,2962,309
2024-07-06,GLOBAL_WEST,BOSS001,Celestial Wyrm,NORMAL,16982,23624,12915
2024-07-06,GLOBAL_WEST,BOSS001,Celestial Wyrm,HARD,8894,15579,4497
2024-07-06,GLOBAL_WEST,BOSS001,Celestial Wyrm,NIGHTMARE,3379,6129,701
2024-07-07,KR,BOSS001,Celestial Wyrm,NORMAL,9969,13151,7467
2024-07-07,KR,BOSS001,Celestial Wyrm,HARD,4603,8086,2251
2024-07-07,KR,BOSS001,Celestial Wyrm,NIGHTMARE,1697,2957,307
2024-07-07,JP,BOSS001,Celestial Wyrm,NORMAL,8385,11977,6433
2024-07-07,JP,BOSS001,Celestial Wyrm,HARD,4169,7450,1913
2024-07-07,JP,BOSS001,Celestial Wyrm,NIGHTMARE,1547,2721,323
2024-07-07,GLOBAL_WEST,BOSS001,Celestial Wyrm,NORMAL,17660,23437,13957
2024-07-07,GLOBAL_WEST,BOSS001,Celestial Wyrm,HARD,8088,13671,3841
2024-07-07,GLOBAL_WEST,BOSS001,Celestial Wyrm,NIGHTMARE,3549,6084,696
2024-07-08,KR,BOSS001,Celestial Wyrm,NORMAL,10143,13953,7708
2024-07-08,KR,BOSS001,Celestial Wyrm,HARD,4770,7984,2382
2024-07-08,KR,BOSS001,Celestial Wyrm,NIGHTMARE,1846,3340,338
2024-07-08,JP,BOSS001,Celestial Wyrm,NORMAL,8423,11543,6574
2024-07-08,JP,BOSS001,Celestial Wyrm,HARD,4244,7401,2178
2024-07-08,JP,BOSS001,Celestial Wyrm,NIGHTMARE,1381,2383,321
2024-07-08,GLOBAL_WEST,BOSS001,Celestial Wyrm,NORMAL,17175,24209,13906
2024-07-08,GLOBAL_WEST,BOSS001,Celestial Wyrm,HARD,8728,15498,4214
2024-07-08,GLOBAL_WEST,BOSS001,Celestial Wyrm,NIGHTMARE,3336,5760,631
2024-07-09,KR,BOSS001,Celestial Wyrm,NORMAL,10306,14306,7808
2024-07-09,KR,BOSS001,Celestial Wyrm,HARD,5121,9263,2374
2024-07-09,KR,BOSS001,Celestial Wyrm,NIGHTMARE,2248,3936,420
2024-07-09,JP,BOSS001,Celestial Wyrm,NORMAL,8550,11495,7083
2024-07-09,JP,BOSS001,Celestial Wyrm,HARD,4334,7625,1823
2024-07-09,JP,BOSS001,Celestial Wyrm,NIGHTMARE,1947,3395,309
2024-07-09,GLOBAL_WEST,BOSS001,Celestial Wyrm,NORMAL,17244,22562,13882
2024-07-09,GLOBAL_WEST,BOSS001,Celestial Wyrm,HARD,8874,16204,4114
2024-07-09,GLOBAL_WEST,BOSS001,Celestial Wyrm,NIGHTMARE,4245,7386,831
2024-09-04,KR,BOSS002,Crossover Demon Lord,NORMAL,8711,11670,6770
2024-09-04,KR,BOSS002,Crossover Demon Lord,HARD,4268,7253,2204
2024-09-04,KR,BOSS002,Crossover Demon Lord,NIGHTMARE,1671,2868,382
2024-09-04,JP,BOSS002,Crossover Demon Lord,NORMAL,7715,10157,6179
2024-09-04,JP,BOSS002,Crossover Demon Lord,HARD,4012,6727,1738
2024-09-04,JP,BOSS002,Crossover Demon Lord,NIGHTMARE,1663,2847,356
2024-09-04,GLOBAL_WEST,BOSS002,Crossover Demon Lord,NORMAL,13999,18694,11114
2024-09-04,GLOBAL_WEST,BOSS002,Crossover Demon Lord,HARD,7583,13228,3510
2024-09-04,GLOBAL_WEST,BOSS002,Crossover Demon Lord,NIGHTMARE,2816,4853,567
2024-09-05,KR,BOSS002,Crossover Demon Lord,NORMAL,9025,12135,6623
2024-09-05,KR,BOSS002,Crossover Demon Lord,HARD,4281,7562,2036
2024-09-05,KR,BOSS002,Crossover Demon Lord,NIGHTMARE,1570,2705,342
2024-09-05,JP,BOSS002,Crossover Demon Lord,NORMAL,8102,11216,6310
2024-09-05,JP,BOSS002,Crossover Demon Lord,HARD,4139,7203,2022
2024-09-05,JP,BOSS002,Crossover Demon Lord,NIGHTMARE,1720,3133,306
2024-09-05,GLOBAL_WEST,BOSS002,Crossover Demon Lord,NORMAL,14973,20094,11381
2024-09-05,GLOBAL_WEST,BOSS002,Crossover Demon Lord,HARD,7478,13395,3687
2024-09-05,GLOBAL_WEST,BOSS002,Crossover Demon Lord,NIGHTMARE,2912,5164,576
2024-09-06,KR,BOSS002,Crossover Demon Lord,NORMAL,9314,12780,6935
2024-09-06,KR,BOSS002,Crossover Demon Lord,HARD,5094,9174,2471
2024-09-06,KR,BOSS002,Crossover Demon Lord,NIGHTMARE,1899,3310,309
2024-09-06,JP,BOSS002,Crossover Demon Lord,NORMAL,8096,10870,6316
2024-09-06,JP,BOSS002,Crossover Demon Lord,HARD,4019,6974,1857
2024-09-06,JP,BOSS002,Crossover Demon Lord,NIGHTMARE,1409,2438,299
2024-09-06,GLOBAL_WEST,BOSS002,Crossover Demon Lord,NORMAL,15397,20291,12175
2024-09-06,GLOBAL_WEST,BOSS002,Crossover Demon Lord,HARD,7605,14002,3374
2024-09-06,GLOBAL_WEST,BOSS002,Crossover Demon Lord,NIGHTMARE,2707,4801,547
2024-09-07,KR,BOSS002,Crossover Demon Lord,NORMAL,9480,12577,7770
2024-09-07,KR,BOSS002,Crossover Demon Lord,HARD,4582,7918,2072
2024-09-07,KR,BOSS002,Crossover Demon Lord,NIGHTMARE,2076,3785,330
2024-09-07,JP,BOSS002,Crossover Demon Lord,NORMAL,8091,11209,6657
2024-09-07,JP,BOSS002,Crossover Demon Lord,HARD,3906,6799,1917
2024-09-07,JP,BOSS002,Crossover Demon Lord,NIGHTMARE,1759,3067,368
2024-09-07,GLOBAL_WEST,BOSS002,Crossover Demon Lord,NORMAL,15770,21391,11974
2024-09-07,GLOBAL_WEST,BOSS002,Crossover Demon Lord,HARD,8396,14701,3969
2024-09-07,GLOBAL_WEST,BOSS002,Crossover Demon Lord,NIGHTMARE,3384,6062,778
2024-09-08,KR,BOSS002,Crossover Demon Lord,NORMAL,9469,12698,7624
2024-09-08,KR,BOSS002,Crossover Demon Lord,HARD,4958,8665,2139
2024-09-08,KR,BOSS002,Crossover Demon Lord,NIGHTMARE,1804,3133,331
2024-09-08,JP,BOSS002,Crossover Demon Lord,NORMAL,8318,11305,6163
2024-09-08,JP,BOSS002,Crossover Demon Lord,HARD,4080,7336,1866
2024-09-08,JP,BOSS002,Crossover Demon Lord,NIGHTMARE,1535,2557,295
2024-09-08,GLOBAL_WEST,BOSS002,Crossover Demon Lord,NORMAL,16345,22811,13376
2024-09-08,GLOBAL_WEST,BOSS002,Crossover Demon Lord,HARD,8037,14398,3483
2024-09-08,GLOBAL_WEST,BOSS002,Crossover Demon Lord,NIGHTMARE,3553,6017,675
2024-09-09,KR,BOSS002,Crossover Demon Lord,NORMAL,9252,12517,6880
2024-09-09,KR,BOSS002,Crossover Demon Lord,HARD,5329,9423,2443
2024-09-09,KR,BOSS002,Crossover Demon Lord,NIGHTMARE,2341,4062,396
2024-09-09,JP,BOSS002,Crossover Demon Lord,NORMAL,8442,11728,6298
2024-09-09,JP,BOSS002,Crossover Demon Lord,HARD,4023,7281,1961
2024-09-09,JP,BOSS002,Crossover Demon Lord,NIGHTMARE,1840,3143,337
2024-09-09,GLOBAL_WEST,BOSS002,Crossover Demon Lord,NORMAL,16648,22731,13549
2024-09-09,GLOBAL_WEST,BOSS002,Crossover Demon Lord,HARD,7803,13470,3519
2024-09-09,GLOBAL_WEST,BOSS002,Crossover Demon Lord,NIGHTMARE,3353,5609,593
2024-09-10,KR,BOSS002,Crossover Demon Lord,NORMAL,10383,14103,8208
2024-09-10,KR,BOSS002,Crossover Demon Lord,HARD,4967,9004,2497
2024-09-10,KR,BOSS002,Crossover Demon Lord,NIGHTMARE,1983,3501,485
2024-09-10,JP,BOSS002,Crossover Demon Lord,NORMAL,8267,11487,6515
2024-09-10,JP,BOSS002,Crossover Demon Lord,HARD,4058,7151,1929
2024-09-10,JP,BOSS002,Crossover Demon Lord,NIGHTMARE,1717,3023,235
2024-09-10,GLOBAL_WEST,BOSS002,Crossover Demon Lord,NORMAL,17656,24467,13110
2024-09-10,GLOBAL_WEST,BOSS002,Crossover Demon Lord,HARD,8458,14471,4117
2024-09-10,GLOBAL_WEST,BOSS002,Crossover Demon Lord,NIGHTMARE,3587,6236,659
2024-09-11,KR,BOSS002,Crossover Demon Lord,NORMAL,10370,13857,8545
2024-09-11,KR,BOSS002,Crossover Demon Lord,HARD,5190,9516,2568
2024-09-11,KR,BOSS002,Crossover Demon Lord,NIGHTMARE,1871,3260,379
2024-09-11,JP,BOSS002,Crossover Demon Lord,NORMAL,8588,11809,6537
2024-09-11,JP,BOSS002,Crossover Demon Lord,HARD,4064,7180,1892
2024-09-11,JP,BOSS002,Crossover Demon Lord,NIGHTMARE,1639,2862,304
2024-09-11,GLOBAL_WEST,BOSS002,Crossover Demon Lord,NORMAL,17992,23600,14199
2024-09-11,GLOBAL_WEST,BOSS002,Crossover Demon Lord,HARD,8698,15268,3684
2024-09-11,GLOBAL_WEST,BOSS002,Crossover Demon Lord,NIGHTMARE,3570,6423,696
2024-09-12,KR,BOSS002,Crossover Demon Lord,NORMAL,10538,14095,8678
2024-09-12,KR,BOSS002,Crossover Demon Lord,HARD,5250,9217,2457
2024-09-12,KR,BOSS002,Crossover Demon Lord,NIGHTMARE,2217,3906,395
2024-09-12,JP,BOSS002,Crossover Demon Lord,NORMAL,8841,12175,6475
2024-09-12,JP,BOSS002,Crossover Demon Lord,HARD,4586,8139,2250
2024-09-12,JP,BOSS002,Crossover Demon Lord,NIGHTMARE,1782,2966,288
2024-09-12,GLOBAL_WEST,BOSS002,Crossover Demon Lord,NORMAL,18887,25330,15184
2024-09-12,GLOBAL_WEST,BOSS002,Crossover Demon Lord,HARD,9744,17077,4423
2024-09-12,GLOBAL_WEST,BOSS002,Crossover Demon Lord,NIGHTMARE,3725,6632,662
2024-09-13,KR,BOSS002,Crossover Demon Lord,NORMAL,10769,15111,8416
2024-09-13,KR,BOSS002,Crossover Demon Lord,HARD,5087,8495,2443
2024-09-13,KR,BOSS002,Crossover Demon Lord,NIGHTMARE,2242,4110,392
2024-09-13,JP,BOSS002,Crossover Demon Lord,NORMAL,8698,10916,7008
2024-09-13,JP,BOSS002,Crossover Demon Lord,HARD,4338,7630,1892
2024-09-13,JP,BOSS002,Crossover Demon Lord,NIGHTMARE,1685,2970,317
2024-09-13,GLOBAL_WEST,BOSS002,Crossover Demon Lord,NORMAL,19518,25469,14696
2024-09-13,GLOBAL_WEST,BOSS002,Crossover Demon Lord,HARD,9184,15981,4473
2024-09-13,GLOBAL_WEST,BOSS002,Crossover Demon Lord,NIGHTMARE,4014,7023,699
2024-09-14,KR,BOSS002,Crossover Demon Lord,NORMAL,10960,15036,8725
2024-09-14,KR,BOSS002,Crossover Demon Lord,HARD,5506,9262,2574
2024-09-14,KR,BOSS002,Crossover Demon Lord,NIGHTMARE,1942,3279,436
2024-09-14,JP,BOSS002,Crossover Demon Lord,NORMAL,8972,12147,6987
2024-09-14,JP,BOSS002,Crossover Demon Lord,HARD,4498,7918,2106
2024-09-14,JP,BOSS002,Crossover Demon Lord,NIGHTMARE,1944,3409,306
2024-09-14,GLOBAL_WEST,BOSS002,Crossover Demon Lord,NORMAL,19249,25486,15241
2024-09-14,GLOBAL_WEST,BOSS002,Crossover Demon Lord,HARD,10488,18941,5058
2024-09-14,GLOBAL_WEST,BOSS002,Crossover Demon Lord,NIGHTMARE,4347,7288,751
2024-09-15,KR,BOSS002,Crossover Demon Lord,NORMAL,11112,15202,8698
2024-09-15,KR,BOSS002,Crossover Demon Lord,HARD,5665,10019,2671
2024-09-15,KR,BOSS002,Crossover Demon Lord,NIGHTMARE,2166,3799,351
2024-09-15,JP,BOSS002,Crossover Demon Lord,NORMAL,8803,12345,7126
2024-09-15,JP,BOSS002,Crossover Demon Lord,HARD,4623,7837,2404
2024-09-15,JP,BOSS002,Crossover Demon Lord,NIGHTMARE,1722,2974,313
2024-09-15,GLOBAL_WEST,BOSS002,Crossover Demon Lord,NORMAL,20035,27055,15805
2024-09-15,GLOBAL_WEST,BOSS002,Crossover Demon Lord,HARD,11148,19052,4988
2024-09-15,GLOBAL_WEST,BOSS002,Crossover Demon Lord,NIGHTMARE,3588,6438,869
2024-09-16,KR,BOSS002,Crossover Demon Lord,NORMAL,11457,15372,8866
2024-09-16,KR,BOSS002,Crossover Demon Lord,HARD,5565,9406,2434
2024-09-16,KR,BOSS002,Crossover Demon Lord,NIGHTMARE,2267,4027,392
2024-09-16,JP,BOSS002,Crossover Demon Lord,NORMAL,8951,12259,6854
2024-09-16,JP,BOSS002,Crossover Demon Lord,HARD,4681,8356,2031
2024-09-16,JP,BOSS002,Crossover Demon Lord,NIGHTMARE,1591,2764,347
2024-09-16,GLOBAL_WEST,BOSS002,Crossover Demon Lord,NORMAL,21028,28757,17176
2024-09-16,GLOBAL_WEST,BOSS002,Crossover Demon Lord,HARD,9827,17373,4523
2024-09-16,GLOBAL_WEST,BOSS002,Crossover Demon Lord,NIGHTMARE,4380,7520,936
2024-09-17,KR,BOSS002,Crossover Demon Lord,NORMAL,11729,16226,9157
2024-09-17,KR,BOSS002,Crossover Demon Lord,HARD,5424,9438,2608
2024-09-17,KR,BOSS002,Crossover Demon Lord,NIGHTMARE,2194,3708,395
2024-09-17,JP,BOSS002,Crossover Demon Lord,NORMAL,9104,12832,7136
2024-09-17,JP,BOSS002,Crossover Demon Lord,HARD,4614,8115,2247
2024-09-17,JP,BOSS002,Crossover Demon Lord,NIGHTMARE,1615,2949,220
2024-09-17,GLOBAL_WEST,BOSS002,Crossover Demon Lord,NORMAL,21522,28109,16727
2024-09-17,GLOBAL_WEST,BOSS002,Crossover Demon Lord,HARD,10322,17770,4798
2024-09-17,GLOBAL_WEST,BOSS002,Crossover Demon Lord,NIGHTMARE,4282,7582,860
2024-09-18,KR,BOSS002,Crossover Demon Lord,NORMAL,11567,15625,9332
2024-09-18,KR,BOSS002,Crossover Demon Lord,HARD,5642,9627,2315
2024-09-18,KR,BOSS002,Crossover Demon Lord,NIGHTMARE,2373,4175,347
2024-09-18,JP,BOSS002,Crossover Demon Lord,NORMAL,8976,12455,7222
2024-09-18,JP,BOSS002,Crossover Demon Lord,HARD,4727,8151,2208
2024-09-18,JP,BOSS002,Crossover Demon Lord,NIGHTMARE,1882,3244,435
2024-09-18,GLOBAL_WEST,BOSS002,Crossover Demon Lord,NORMAL,22376,29862,17049
2024-09-18,GLOBAL_WEST,BOSS002,Crossover Demon Lord,HARD,10693,19212,5440
2024-09-18,GLOBAL_WEST,BOSS002,Crossover Demon Lord,NIGHTMARE,4097,7223,680
2024-09-19,KR,BOSS002,Crossover Demon Lord,NORMAL,12213,15866,9270
2024-09-19,KR,BOSS002,Crossover Demon Lord,HARD,6199,10363,2978
2024-09-19,KR,BOSS002,Crossover Demon Lord,NIGHTMARE,2395,4161,465
2024-09-19,JP,BOSS002,Crossover Demon Lord,NORMAL,9152,12228,6860
2024-09-19,JP,BOSS002,Crossover Demon Lord,HARD,4858,8337,2380
2024-09-19,JP,BOSS002,Crossover Demon Lord,NIGHTMARE,1849,3228,420
2024-09-19,GLOBAL_WEST,BOSS002,Crossover Demon Lord,NORMAL,21815,30978,15987
2024-09-19,GLOBAL_WEST,BOSS002,Crossover Demon Lord,HARD,11055,18654,5237
2024-09-19,GLOBAL_WEST,BOSS002,Crossover Demon Lord,NIGHTMARE,4233,7327,929
2024-09-20,KR,BOSS002,Crossover Demon Lord,NORMAL,12026,16353,9592
2024-09-20,KR,BOSS002,Crossover Demon Lord,HARD,5975,10447,3117
2024-09-20,KR,BOSS002,Crossover Demon Lord,NIGHTMARE,2533,4645,423
2024-09-20,JP,BOSS002,Crossover Demon Lord,NORMAL,9207,12045,7321
2024-09-20,JP,BOSS002,Crossover Demon Lord,HARD,4696,8008,2328
2024-09-20,JP,BOSS002,Crossover Demon Lord,NIGHTMARE,1844,3113,316
2024-09-20,GLOBAL_WEST,BOSS002,Crossover Demon Lord,NORMAL,21921,29841,17283
2024-09-20,GLOBAL_WEST,BOSS002,Crossover Demon Lord,HARD,10506,18471,5141
2024-09-20,GLOBAL_WEST,BOSS002,Crossover Demon Lord,NIGHTMARE,4645,8208,891
2024-09-21,KR,BOSS002,Crossover Demon Lord,NORMAL,12162,16175,9031
2024-09-21,KR,BOSS002,Crossover Demon Lord,HARD,6153,10232,3053
2024-09-21,KR,BOSS002,Crossover Demon Lord,NIGHTMARE,2483,4443,462
2024-09-21,JP,BOSS002,Crossover Demon Lord,NORMAL,9789,12956,7620
2024-09-21,JP,BOSS002,Crossover Demon Lord,HARD,4689,8189,2191
2024-09-21,JP,BOSS002,Crossover Demon Lord,NIGHTMARE,1853,3389,295
2024-09-21,GLOBAL_WEST,BOSS002,Crossover Demon Lord,NORMAL,22794,31671,18148
2024-09-21,GLOBAL_WEST,BOSS002,Crossover Demon Lord,HARD,11875,20673,5346
2024-09-21,GLOBAL_WEST,BOSS002,Crossover Demon Lord,NIGHTMARE,4613,7973,834
2024-09-22,KR,BOSS002,Crossover Demon Lord,NORMAL,12653,16734,9628
2024-09-22,KR,BOSS002,Crossover Demon Lord,HARD,6489,11649,3106
2024-09-22,KR,BOSS002,Crossover Demon Lord,NIGHTMARE,2611,4712,515
2024-09-22,JP,BOSS002,Crossover Demon Lord,NORMAL,9477,12638,7674
2024-09-22,JP,BOSS002,Crossover Demon Lord,HARD,4818,8443,2329
2024-09-22,JP,BOSS002,Crossover Demon Lord,NIGHTMARE,2128,3723,378
2024-09-22,GLOBAL_WEST,BOSS002,Crossover Demon Lord,NORMAL,23016,30464,18244
2024-09-22,GLOBAL_WEST,BOSS002,Crossover Demon Lord,HARD,12460,21891,5598
2024-09-22,GLOBAL_WEST,BOSS002,Crossover Demon Lord,NIGHTMARE,4661,8050,1011
2024-09-23,KR,BOSS002,Crossover Demon Lord,NORMAL,12108,16448,9180
2024-09-23,KR,BOSS002,Crossover Demon Lord,HARD,6311,10988,2910
2024-09-23,KR,BOSS002,Crossover Demon Lord,NIGHTMARE,2689,4677,555
2024-09-23,JP,BOSS002,Crossover Demon Lord,NORMAL,9467,12438,7762
2024-09-23,JP,BOSS002,Crossover Demon Lord,HARD,5113,8682,2474
2024-09-23,JP,BOSS002,Crossover Demon Lord,NIGHTMARE,2075,3661,328
2024-09-23,GLOBAL_WEST,BOSS002,Crossover Demon Lord,NORMAL,23686,31420,18584
2024-09-23,GLOBAL_WEST,BOSS002,Crossover Demon Lord,HARD,11535,20393,5170
2024-09-23,GLOBAL_WEST,BOSS002,Crossover Demon Lord,NIGHTMARE,5411,9479,1114
2024-09-24,KR,BOSS002,Crossover Demon Lord,NORMAL,13004,17455,9154
2024-09-24,KR,BOSS002,Crossover Demon Lord,HARD,5661,10404,2406
2024-09-24,KR,BOSS002,Crossover Demon Lord,NIGHTMARE,2428,4378,532
2024-09-24,JP,BOSS002,Crossover Demon Lord,NORMAL,9950,13997,7949
2024-09-24,JP,BOSS002,Crossover Demon Lord,HARD,4973,8870,2449
2024-09-24,JP,BOSS002,Crossover Demon Lord,NIGHTMARE,1996,3582,379
2024-09-24,GLOBAL_WEST,BOSS002,Crossover Demon Lord,NORMAL,23571,31410,18270
2024-09-24,GLOBAL_WEST,BOSS002,Crossover Demon Lord,HARD,11980,20994,5329
2024-09-24,GLOBAL_WEST,BOSS002,Crossover Demon Lord,NIGHTMARE,5108,9032,955
2024-09-25,KR,BOSS002,Crossover Demon Lord,NORMAL,12898,16866,9965
2024-09-25,KR,BOSS002,Crossover Demon Lord,HARD,6675,11708,3023
2024-09-25,KR,BOSS002,Crossover Demon Lord,NIGHTMARE,1944,3305,356
2024-09-25,JP,BOSS002,Crossover Demon Lord,NORMAL,9608,13259,7595
2024-09-25,JP,BOSS002,Crossover Demon Lord,HARD,4949,8201,2352
2024-09-25,JP,BOSS002,Crossover Demon Lord,NIGHTMARE,1838,3331,295
2024-09-25,GLOBAL_WEST,BOSS002,Crossover Demon Lord,NORMAL,23937,33646,19522
2024-09-25,GLOBAL_WEST,BOSS002,Crossover Demon Lord,HARD,12681,22682,5880
2024-09-25,GLOBAL_WEST,BOSS002,Crossover Demon Lord,NIGHTMARE,4734,8437,888
2025-01-08,KR,BOSS003,Anniversary Ancient One,NORMAL,8988,12362,6943
2025-01-08,KR,BOSS003,Anniversary Ancient One,HARD,4746,8661,2218
2025-01-08,KR,BOSS003,Anniversary Ancient One,NIGHTMARE,2127,3630,408
2025-01-08,JP,BOSS003,Anniversary Ancient One,NORMAL,7622,10223,6223
2025-01-08,JP,BOSS003,Anniversary Ancient One,HARD,3783,6900,1776
2025-01-08,JP,BOSS003,Anniversary Ancient One,NIGHTMARE,1603,2860,286
2025-01-08,GLOBAL_WEST,BOSS003,Anniversary Ancient One,NORMAL,15530,20245,12264
2025-01-08,GLOBAL_WEST,BOSS003,Anniversary Ancient One,HARD,7830,13918,3867
2025-01-08,GLOBAL_WEST,BOSS003,Anniversary Ancient One,NIGHTMARE,3406,5918,589
2025-01-09,KR,BOSS003,Anniversary Ancient One,NORMAL,9412,12596,7391
2025-01-09,KR,BOSS003,Anniversary Ancient One,HARD,4477,7826,2197
2025-01-09,KR,BOSS003,Anniversary Ancient One,NIGHTMARE,2043,3532,315
2025-01-09,JP,BOSS003,Anniversary Ancient One,NORMAL,7744,10097,5857
2025-01-09,JP,BOSS003,Anniversary Ancient One,HARD,3611,6391,1669
2025-01-09,JP,BOSS003,Anniversary Ancient One,NIGHTMARE,1670,2863,310
2025-01-09,GLOBAL_WEST,BOSS003,Anniversary Ancient One,NORMAL,16701,21455,13235
2025-01-09,GLOBAL_WEST,BOSS003,Anniversary Ancient One,HARD,8251,14737,3848
2025-01-09,GLOBAL_WEST,BOSS003,Anniversary Ancient One,NIGHTMARE,2991,5281,566
2025-01-10,KR,BOSS003,Anniversary Ancient One,NORMAL,9536,13143,7704
2025-01-10,KR,BOSS003,Anniversary Ancient One,HARD,4993,8745,2379
2025-01-10,KR,BOSS003,Anniversary Ancient One,NIGHTMARE,1537,2849,219
2025-01-10,JP,BOSS003,Anniversary Ancient One,NORMAL,7996,10927,6366
2025-01-10,JP,BOSS003,Anniversary Ancient One,HARD,3663,6477,1801
2025-01-10,JP,BOSS003,Anniversary Ancient One,NIGHTMARE,1290,2251,235
2025-01-10,GLOBAL_WEST,BOSS003,Anniversary Ancient One,NORMAL,16354,20846,13356
2025-01-10,GLOBAL_WEST,BOSS003,Anniversary Ancient One,HARD,8246,14120,4069
2025-01-10,GLOBAL_WEST,BOSS003,Anniversary Ancient One,NIGHTMARE,3755,6696,717
2025-01-11,KR,BOSS003,Anniversary Ancient One,NORMAL,9974,13341,7717
2025-01-11,KR,BOSS003,Anniversary Ancient One,HARD,4991,8731,2312
2025-01-11,KR,BOSS003,Anniversary Ancient One,NIGHTMARE,1853,3238,299
2025-01-11,JP,BOSS003,Anniversary Ancient One,NORMAL,8323,11648,6572
2025-01-11,JP,BOSS003,Anniversary Ancient One,HARD,4055,7296,2044
2025-01-11,JP,BOSS003,Anniversary Ancient One,NIGHTMARE,1760,3108,373
2025-01-11,GLOBAL_WEST,BOSS003,Anniversary Ancient One,NORMAL,17110,22489,13125
2025-01-11,GLOBAL_WEST,BOSS003,Anniversary Ancient One,HARD,9065,16107,4481
2025-01-11,GLOBAL_WEST,BOSS003,Anniversary Ancient One,NIGHTMARE,3417,5899,644
2025-01-12,KR,BOSS003,Anniversary Ancient One,NORMAL,10042,13872,7858
2025-01-12,KR,BOSS003,Anniversary Ancient One,HARD,5011,8338,2394
2025-01-12,KR,BOSS003,Anniversary Ancient One,NIGHTMARE,1688,3069,318
2025-01-12,JP,BOSS003,Anniversary Ancient One,NORMAL,8188,11254,6351
2025-01-12,JP,BOSS003,Anniversary Ancient One,HARD,4026,7120,1731
2025-01-12,JP,BOSS003,Anniversary Ancient One,NIGHTMARE,1530,2625,256
2025-01-12,GLOBAL_WEST,BOSS003,Anniversary Ancient One,NORMAL,17841,25502,14623
2025-01-12,GLOBAL_WEST,BOSS003,Anniversary Ancient One,HARD,8821,15276,4363
2025-01-12,GLOBAL_WEST,BOSS003,Anniversary Ancient One,NIGHTMARE,3168,5825,516
2025-01-13,KR,BOSS003,Anniversary Ancient One,NORMAL,10228,14550,8036
2025-01-13,KR,BOSS003,Anniversary Ancient One,HARD,5161,8959,2519
2025-01-13,KR,BOSS003,Anniversary Ancient One,NIGHTMARE,2114,3541,394
2025-01-13,JP,BOSS003,Anniversary Ancient One,NORMAL,8464,11615,6870
2025-01-13,JP,BOSS003,Anniversary Ancient One,HARD,4265,7304,1935
2025-01-13,JP,BOSS003,Anniversary Ancient One,NIGHTMARE,1578,2700,313
2025-01-13,GLOBAL_WEST,BOSS003,Anniversary Ancient One,NORMAL,17619,22264,13029
2025-01-13,GLOBAL_WEST,BOSS003,Anniversary Ancient One,HARD,8615,15018,3506
2025-01-13,GLOBAL_WEST,BOSS003,Anniversary Ancient One,NIGHTMARE,3873,6445,628
2025-01-14,KR,BOSS003,Anniversary Ancient One,NORMAL,11081,15299,9034
2025-01-14,KR,BOSS003,Anniversary Ancient One,HARD,5353,8873,2508
2025-01-14,KR,BOSS003,Anniversary Ancient One,NIGHTMARE,2340,4148,369
2025-01-14,JP,BOSS003,Anniversary Ancient One,NORMAL,8322,11270,6527
2025-01-14,JP,BOSS003,Anniversary Ancient One,HARD,4264,7716,2001
2025-01-14,JP,BOSS003,Anniversary Ancient One,NIGHTMARE,1766,3013,291
2025-01-14,GLOBAL_WEST,BOSS003,Anniversary Ancient One,NORMAL,18722,25488,14661
2025-01-14,GLOBAL_WEST,BOSS003,Anniversary Ancient One,HARD,8892,15666,4363
2025-01-14,GLOBAL_WEST,BOSS003,Anniversary Ancient One,NIGHTMARE,3333,5838,550
2025-01-15,KR,BOSS003,Anniversary Ancient One,NORMAL,11145,15130,8479
2025-01-15,KR,BOSS003,Anniversary Ancient One,HARD,5315,9438,2357
2025-01-15,KR,BOSS003,Anniversary Ancient One,NIGHTMARE,2510,4501,446
2025-01-15,JP,BOSS003,Anniversary Ancient One,NORMAL,8717,11018,7035
2025-01-15,JP,BOSS003,Anniversary Ancient One,HARD,4141,7230,1822
2025-01-15,JP,BOSS003,Anniversary Ancient One,NIGHTMARE,1565,2783,216
2025-01-15,GLOBAL_WEST,BOSS003,Anniversary Ancient One,NORMAL,19383,26072,15078
2025-01-15,GLOBAL_WEST,BOSS003,Anniversary Ancient One,HARD,9145,16279,3929
2025-01-15,GLOBAL_WEST,BOSS003,Anniversary Ancient One,NIGHTMARE,3974,6737,863
2025-01-16,KR,BOSS003,Anniversary Ancient One,NORMAL,11049,15262,8845
2025-01-16,KR,BOSS003,Anniversary Ancient One,HARD,5207,9147,2557
2025-01-16,KR,BOSS003,Anniversary Ancient One,NIGHTMARE,2288,3990,417
2025-01-16,JP,BOSS003,Anniversary Ancient One,NORMAL,8468,11018,6650
2025-01-16,JP,BOSS003,Anniversary Ancient One,HARD,4400,8031,1887
2025-01-16,JP,BOSS003,Anniversary Ancient One,NIGHTMARE,1634,2838,310
2025-01-16,GLOBAL_WEST,BOSS003,Anniversary Ancient One,NORMAL,19290,26774,14890
2025-01-16,GLOBAL_WEST,BOSS003,Anniversary Ancient One,HARD,9857,16415,4636
2025-01-16,GLOBAL_WEST,BOSS003,Anniversary Ancient One,NIGHTMARE,4079,7321,787
2025-01-17,KR,BOSS003,Anniversary Ancient One,NORMAL,11869,16336,9146
2025-01-17,KR,BOSS003,Anniversary Ancient One,HARD,5908,10298,2662
2025-01-17,KR,BOSS003,Anniversary Ancient One,NIGHTMARE,2401,4138,472
2025-01-17,JP,BOSS003,Anniversary Ancient One,NORMAL,8680,11159,6551
2025-01-17,JP,BOSS003,Anniversary Ancient One,HARD,4411,7328,1897
2025-01-17,JP,BOSS003,Anniversary Ancient One,NIGHTMARE,1815,3109,370
2025-01-17,GLOBAL_WEST,BOSS003,Anniversary Ancient One,NORMAL,19733,28522,15876
2025-01-17,GLOBAL_WEST,BOSS003,Anniversary Ancient One,HARD,9363,15547,4072
2025-01-17,GLOBAL_WEST,BOSS003,Anniversary Ancient One,NIGHTMARE,3838,6961,737
2025-01-18,KR,BOSS003,Anniversary Ancient One,NORMAL,11637,15861,9317
2025-01-18,KR,BOSS003,Anniversary Ancient One,HARD,6341,11100,2896
2025-01-18,KR,BOSS003,Anniversary Ancient One,NIGHTMARE,1974,3515,364
2025-01-18,JP,BOSS003,Anniversary Ancient One,NORMAL,9098,12547,7146
2025-01-18,JP,BOSS003,Anniversary Ancient One,HARD,4485,8055,2139
2025-01-18,JP,BOSS003,Anniversary Ancient One,NIGHTMARE,1698,2891,325
2025-01-18,GLOBAL_WEST,BOSS003,Anniversary Ancient One,NORMAL,20593,26728,15794
2025-01-18,GLOBAL_WEST,BOSS003,Anniversary Ancient One,HARD,9540,16340,4626
2025-01-18,GLOBAL_WEST,BOSS003,Anniversary Ancient One,NIGHTMARE,3408,5913,613
2025-01-19,KR,BOSS003,Anniversary Ancient One,NORMAL,12179,17152,9531
2025-01-19,KR,BOSS003,Anniversary Ancient One,HARD,5978,10808,2804
2025-01-19,KR,BOSS003,Anniversary Ancient One,NIGHTMARE,1872,3237,302
2025-01-19,JP,BOSS003,Anniversary Ancient One,NORMAL,9246,12790,7260
2025-01-19,JP,BOSS003,Anniversary Ancient One,HARD,4561,8376,2105
2025-01-19,JP,BOSS003,Anniversary Ancient One,NIGHTMARE,1740,3110,274
2025-01-19,GLOBAL_WEST,BOSS003,Anniversary Ancient One,NORMAL,21016,28517,16715
2025-01-19,GLOBAL_WEST,BOSS003,Anniversary Ancient One,HARD,9993,17521,4909
2025-01-19,GLOBAL_WEST,BOSS003,Anniversary Ancient One,NIGHTMARE,4491,7995,1029
2025-01-20,KR,BOSS003,Anniversary Ancient One,NORMAL,12150,16549,9985
2025-01-20,KR,BOSS003,Anniversary Ancient One,HARD,6219,10919,2758
2025-01-20,KR,BOSS003,Anniversary Ancient One,NIGHTMARE,2340,4120,487
2025-01-20,JP,BOSS003,Anniversary Ancient One,NORMAL,8922,11447,6674
2025-01-20,JP,BOSS003,Anniversary Ancient One,HARD,4622,7997,2207
2025-01-20,JP,BOSS003,Anniversary Ancient One,NIGHTMARE,1888,3310,369
2025-01-20,GLOBAL_WEST,BOSS003,Anniversary Ancient One,NORMAL,21470,28816,17364
2025-01-20,GLOBAL_WEST,BOSS003,Anniversary Ancient One,HARD,10971,19553,5066
2025-01-20,GLOBAL_WEST,BOSS003,Anniversary Ancient One,NIGHTMARE,3434,5846,813
2025-01-21,KR,BOSS003,Anniversary Ancient One,NORMAL,12831,16246,10458
2025-01-21,KR,BOSS003,Anniversary Ancient One,HARD,6135,10540,2629
2025-01-21,KR,BOSS003,Anniversary Ancient One,NIGHTMARE,2537,4443,434
2025-01-21,JP,BOSS003,Anniversary Ancient One,NORMAL,9117,12575,6895
2025-01-21,JP,BOSS003,Anniversary Ancient One,HARD,4924,8449,2255
2025-01-21,JP,BOSS003,Anniversary Ancient One,NIGHTMARE,1963,3567,408
2025-01-21,GLOBAL_WEST,BOSS003,Anniversary Ancient One,NORMAL,21469,29052,17544
2025-01-21,GLOBAL_WEST,BOSS003,Anniversary Ancient One,HARD,10989,19865,4894
2025-01-21,GLOBAL_WEST,BOSS003,Anniversary Ancient One,NIGHTMARE,4216,7349,873
2025-01-22,KR,BOSS003,Anniversary Ancient One,NORMAL,13061,17114,10088
2025-01-22,KR,BOSS003,Anniversary Ancient One,HARD,6612,11706,3017
2025-01-22,KR,BOSS003,Anniversary Ancient One,NIGHTMARE,2510,4351,496
2025-01-22,JP,BOSS003,Anniversary Ancient One,NORMAL,9345,12495,7416
2025-01-22,JP,BOSS003,Anniversary Ancient One,HARD,4704,8097,2113
2025-01-22,JP,BOSS003,Anniversary Ancient One,NIGHTMARE,1989,3444,384
2025-01-22,GLOBAL_WEST,BOSS003,Anniversary Ancient One,NORMAL,22204,30785,16688
2025-01-22,GLOBAL_WEST,BOSS003,Anniversary Ancient One,HARD,11101,20304,5503
2025-01-22,GLOBAL_WEST,BOSS003,Anniversary Ancient One,NIGHTMARE,4532,7658,944
2025-01-23,KR,BOSS003,Anniversary Ancient One,NORMAL,13160,17529,10248
2025-01-23,KR,BOSS003,Anniversary Ancient One,HARD,6388,10818,2937
2025-01-23,KR,BOSS003,Anniversary Ancient One,NIGHTMARE,2523,4636,472
2025-01-23,JP,BOSS003,Anniversary Ancient One,NORMAL,9238,12599,7343
2025-01-23,JP,BOSS003,Anniversary Ancient One,HARD,5033,8805,2177
2025-01-23,JP,BOSS003,Anniversary Ancient One,NIGHTMARE,2271,4018,461
2025-01-23,GLOBAL_WEST,BOSS003,Anniversary Ancient One,NORMAL,22565,30574,17932
2025-01-23,GLOBAL_WEST,BOSS003,Anniversary Ancient One,HARD,10985,19712,5057
2025-01-23,GLOBAL_WEST,BOSS003,Anniversary Ancient One,NIGHTMARE,4420,7594,780
2025-01-24,KR,BOSS003,Anniversary Ancient One,NORMAL,13275,17567,9923
2025-01-24,KR,BOSS003,Anniversary Ancient One,HARD,6486,11194,2966
2025-01-24,KR,BOSS003,Anniversary Ancient One,NIGHTMARE,2605,4422,499
2025-01-24,JP,BOSS003,Anniversary Ancient One,NORMAL,9455,13089,7147
2025-01-24,JP,BOSS003,Anniversary Ancient One,HARD,4678,8054,2172
2025-01-24,JP,BOSS003,Anniversary Ancient One,NIGHTMARE,2140,3779,315
2025-01-24,GLOBAL_WEST,BOSS003,Anniversary Ancient One,NORMAL,23052,29831,17895
2025-01-24,GLOBAL_WEST,BOSS003,Anniversary Ancient One,HARD,11668,20980,5676
2025-01-24,GLOBAL_WEST,BOSS003,Anniversary Ancient One,NIGHTMARE,4511,7659,1033
2025-01-25,KR,BOSS003,Anniversary Ancient One,NORMAL,13629,18319,10860
2025-01-25,KR,BOSS003,Anniversary Ancient One,HARD,7192,12994,3815
2025-01-25,KR,BOSS003,Anniversary Ancient One,NIGHTMARE,2457,4376,387
2025-01-25,JP,BOSS003,Anniversary Ancient One,NORMAL,9627,12468,7494
2025-01-25,JP,BOSS003,Anniversary Ancient One,HARD,4466,7640,1857
2025-01-25,JP,BOSS003,Anniversary Ancient One,NIGHTMARE,2052,3672,411
2025-01-25,GLOBAL_WEST,BOSS003,Anniversary Ancient One,NORMAL,23048,31005,16961
2025-01-25,GLOBAL_WEST,BOSS003,Anniversary Ancient One,HARD,11142,19627,5385
2025-01-25,GLOBAL_WEST,BOSS003,Anniversary Ancient One,NIGHTMARE,4896,8668,961
2025-01-26,KR,BOSS003,Anniversary Ancient One,NORMAL,14167,18852,10838
2025-01-26,KR,BOSS003,Anniversary Ancient One,HARD,6768,11929,3311
2025-01-26,KR,BOSS003,Anniversary Ancient One,NIGHTMARE,2336,4049,492
2025-01-26,JP,BOSS003,Anniversary Ancient One,NORMAL,9541,12953,7439
2025-01-26,JP,BOSS003,Anniversary Ancient One,HARD,5135,8748,2287
2025-01-26,JP,BOSS003,Anniversary Ancient One,NIGHTMARE,1842,3236,344
2025-01-26,GLOBAL_WEST,BOSS003,Anniversary Ancient One,NORMAL,24046,32035,19188
2025-01-26,GLOBAL_WEST,BOSS003,Anniversary Ancient One,HARD,10956,19699,5353
2025-01-26,GLOBAL_WEST,BOSS003,Anniversary Ancient One,NIGHTMARE,5458,9018,976
2025-01-27,KR,BOSS003,Anniversary Ancient One,NORMAL,13868,18252,11140
2025-01-27,KR,BOSS003,Anniversary Ancient One,HARD,7553,13356,3525
2025-01-27,KR,BOSS003,Anniversary Ancient One,NIGHTMARE,2584,4547,459
2025-01-27,JP,BOSS003,Anniversary Ancient One,NORMAL,9984,13513,7948
2025-01-27,JP,BOSS003,Anniversary Ancient One,HARD,4968,8705,2548
2025-01-27,JP,BOSS003,Anniversary Ancient One,NIGHTMARE,1601,2837,315
2025-01-27,GLOBAL_WEST,BOSS003,Anniversary Ancient One,NORMAL,23764,32237,18387
2025-01-27,GLOBAL_WEST,BOSS003,Anniversary Ancient One,HARD,12459,21601,5553
2025-01-27,GLOBAL_WEST,BOSS003,Anniversary Ancient One,NIGHTMARE,4589,8019,754
2025-01-28,KR,BOSS003,Anniversary Ancient One,NORMAL,14528,18937,11202
2025-01-28,KR,BOSS003,Anniversary Ancient One,HARD,7172,12186,3465
2025-01-28,KR,BOSS003,Anniversary Ancient One,NIGHTMARE,3347,6005,582
2025-01-28,JP,BOSS003,Anniversary Ancient One,NORMAL,9557,12970,7574
2025-01-28,JP,BOSS003,Anniversary Ancient One,HARD,4779,8000,2498
2025-01-28,JP,BOSS003,Anniversary Ancient One,NIGHTMARE,1955,3385,266
2025-01-28,GLOBAL_WEST,BOSS003,Anniversary Ancient One,NORMAL,24254,32929,18014
2025-01-28,GLOBAL_WEST,BOSS003,Anniversary Ancient One,HARD,12036,21105,5856
2025-01-28,GLOBAL_WEST,BOSS003,Anniversary Ancient One,NIGHTMARE,6069,10674,939
2025-01-29,KR,BOSS003,Anniversary Ancient One,NORMAL,14652,19926,11390
2025-01-29,KR,BOSS003,Anniversary Ancient One,HARD,7422,13522,3495
2025-01-29,KR,BOSS003,Anniversary Ancient One,NIGHTMARE,2757,4773,437
2025-01-29,JP,BOSS003,Anniversary Ancient One,NORMAL,10353,14362,8001
2025-01-29,JP,BOSS003,Anniversary Ancient One,HARD,4853,8329,2292
2025-01-29,JP,BOSS003,Anniversary Ancient One,NIGHTMARE,2042,3535,347
2025-01-29,GLOBAL_WEST,BOSS003,Anniversary Ancient One,NORMAL,24448,33989,19880
2025-01-29,GLOBAL_WEST,BOSS003,Anniversary Ancient One,HARD,11940,21302,5429
2025-01-29,GLOBAL_WEST,BOSS003,Anniversary Ancient One,NIGHTMARE,5668,9809,1173
2025-01-30,KR,BOSS003,Anniversary Ancient One,NORMAL,15248,20079,12515
2025-01-30,KR,BOSS003,Anniversary Ancient One,HARD,7507,12870,3446
2025-01-30,KR,BOSS003,Anniversary Ancient One,NIGHTMARE,2969,4908,722
2025-01-30,JP,BOSS003,Anniversary Ancient One,NORMAL,9981,13007,7510
2025-01-30,JP,BOSS003,Anniversary Ancient One,HARD,5077,8678,2309
2025-01-30,JP,BOSS003,Anniversary Ancient One,NIGHTMARE,2276,4006,491
2025-01-30,GLOBAL_WEST,BOSS003,Anniversary Ancient One,NORMAL,25163,31749,20101
2025-01-30,GLOBAL_WEST,BOSS003,Anniversary Ancient One,HARD,12283,22039,5747
2025-01-30,GLOBAL_WEST,BOSS003,Anniversary Ancient One,NIGHTMARE,4885,8756,898
2025-01-31,KR,BOSS003,Anniversary Ancient One,NORMAL,14777,19625,11367
2025-01-31,KR,BOSS003,Anniversary Ancient One,HARD,7430,12836,3556
2025-01-31,KR,BOSS003,Anniversary Ancient One,NIGHTMARE,2984,5301,636
2025-01-31,JP,BOSS003,Anniversary Ancient One,NORMAL,10355,13883,8453
2025-01-31,JP,BOSS003,Anniversary Ancient One,HARD,4867,8458,2299
2025-01-31,JP,BOSS003,Anniversary Ancient One,NIGHTMARE,2124,3712,359
2025-01-31,GLOBAL_WEST,BOSS003,Anniversary Ancient One,NORMAL,26112,36790,19852
2025-01-31,GLOBAL_WEST,BOSS003,Anniversary Ancient One,HARD,13115,22530,6721
2025-01-31,GLOBAL_WEST,BOSS003,Anniversary Ancient One,NIGHTMARE,5752,10017,1380
2025-07-09,KR,BOSS004,Astra Void Beast,NORMAL,4116,5694,3071
2025-07-09,KR,BOSS004,Astra Void Beast,HARD,2116,3515,960
2025-07-09,KR,BOSS004,Astra Void Beast,NIGHTMARE,962,1709,241
2025-07-09,JP,BOSS004,Astra Void Beast,NORMAL,4465,5947,3447
2025-07-09,JP,BOSS004,Astra Void Beast,HARD,2332,4132,1080
2025-07-09,JP,BOSS004,Astra Void Beast,NIGHTMARE,881,1594,182
2025-07-09,GLOBAL_WEST,BOSS004,Astra Void Beast,NORMAL,7244,9762,5303
2025-07-09,GLOBAL_WEST,BOSS004,Astra Void Beast,HARD,3454,6117,1520
2025-07-09,GLOBAL_WEST,BOSS004,Astra Void Beast,NIGHTMARE,1519,2623,280
2025-07-10,KR,BOSS004,Astra Void Beast,NORMAL,4164,5703,3195
2025-07-10,KR,BOSS004,Astra Void Beast,HARD,2214,3895,1127
2025-07-10,KR,BOSS004,Astra Void Beast,NIGHTMARE,908,1608,154
2025-07-10,JP,BOSS004,Astra Void Beast,NORMAL,4430,5885,3424
2025-07-10,JP,BOSS004,Astra Void Beast,HARD,2126,3851,1018
2025-07-10,JP,BOSS004,Astra Void Beast,NIGHTMARE,964,1699,188
2025-07-10,GLOBAL_WEST,BOSS004,Astra Void Beast,NORMAL,7195,9850,5294
2025-07-10,GLOBAL_WEST,BOSS004,Astra Void Beast,HARD,3384,6032,1532
2025-07-10,GLOBAL_WEST,BOSS004,Astra Void Beast,NIGHTMARE,1536,2825,287
2025-07-11,KR,BOSS004,Astra Void Beast,NORMAL,4234,5810,3402
2025-07-11,KR,BOSS004,Astra Void Beast,HARD,2158,3860,1028
2025-07-11,KR,BOSS004,Astra Void Beast,NIGHTMARE,970,1717,190
2025-07-11,JP,BOSS004,Astra Void Beast,NORMAL,4351,6360,3490
2025-07-11,JP,BOSS004,Astra Void Beast,HARD,2127,3899,1025
2025-07-11,JP,BOSS004,Astra Void Beast,NIGHTMARE,1095,1896,188
2025-07-11,GLOBAL_WEST,BOSS004,Astra Void Beast,NORMAL,7563,9954,5838
2025-07-11,GLOBAL_WEST,BOSS004,Astra Void Beast,HARD,3567,6412,1877
2025-07-11,GLOBAL_WEST,BOSS004,Astra Void Beast,NIGHTMARE,1803,3222,293
2025-07-12,KR,BOSS004,Astra Void Beast,NORMAL,4317,6048,3224
2025-07-12,KR,BOSS004,Astra Void Beast,HARD,2233,4084,1121
2025-07-12,KR,BOSS004,Astra Void Beast,NIGHTMARE,886,1510,137
2025-07-12,JP,BOSS004,Astra Void Beast,NORMAL,4596,6026,3782
2025-07-12,JP,BOSS004,Astra Void Beast,HARD,2368,4080,1082
2025-07-12,JP,BOSS004,Astra Void Beast,NIGHTMARE,942,1735,173
2025-07-12,GLOBAL_WEST,BOSS004,Astra Void Beast,NORMAL,7522,9860,5943
2025-07-12,GLOBAL_WEST,BOSS004,Astra Void Beast,HARD,3845,6517,1830
2025-07-12,GLOBAL_WEST,BOSS004,Astra Void Beast,NIGHTMARE,1521,2670,242
2025-07-13,KR,BOSS004,Astra Void Beast,NORMAL,4535,6186,3441
2025-07-13,KR,BOSS004,Astra Void Beast,HARD,2384,4173,1066
2025-07-13,KR,BOSS004,Astra Void Beast,NIGHTMARE,937,1637,208
2025-07-13,JP,BOSS004,Astra Void Beast,NORMAL,4676,6050,3519
2025-07-13,JP,BOSS004,Astra Void Beast,HARD,2109,3806,966
2025-07-13,JP,BOSS004,Astra Void Beast,NIGHTMARE,935,1596,171
2025-07-13,GLOBAL_WEST,BOSS004,Astra Void Beast,NORMAL,7535,10032,5911
2025-07-13,GLOBAL_WEST,BOSS004,Astra Void Beast,HARD,3771,6941,1683
2025-07-13,GLOBAL_WEST,BOSS004,Astra Void Beast,NIGHTMARE,1748,3174,303
2025-07-14,KR,BOSS004,Astra Void Beast,NORMAL,4459,6114,3526
2025-07-14,KR,BOSS004,Astra Void Beast,HARD,2255,4090,1055
2025-07-14,KR,BOSS004,Astra Void Beast,NIGHTMARE,884,1555,170
2025-07-14,JP,BOSS004,Astra Void Beast,NORMAL,4662,6557,3685
2025-07-14,JP,BOSS004,Astra Void Beast,HARD,2227,3973,1089
2025-07-14,JP,BOSS004,Astra Void Beast,NIGHTMARE,834,1437,186
2025-07-14,GLOBAL_WEST,BOSS004,Astra Void Beast,NORMAL,8206,10934,6536
2025-07-14,GLOBAL_WEST,BOSS004,Astra Void Beast,HARD,4159,7287,1908
2025-07-14,GLOBAL_WEST,BOSS004,Astra Void Beast,NIGHTMARE,1639,2816,275
2025-07-15,KR,BOSS004,Astra Void Beast,NORMAL,4790,6591,3621
2025-07-15,KR,BOSS004,Astra Void Beast,HARD,2479,4391,1116
2025-07-15,KR,BOSS004,Astra Void Beast,NIGHTMARE,991,1697,166
2025-07-15,JP,BOSS004,Astra Void Beast,NORMAL,4510,6127,3570
2025-07-15,JP,BOSS004,Astra Void Beast,HARD,2258,3921,1006
2025-07-15,JP,BOSS004,Astra Void Beast,NIGHTMARE,913,1559,153
2025-07-15,GLOBAL_WEST,BOSS004,Astra Void Beast,NORMAL,8106,11134,6137
2025-07-15,GLOBAL_WEST,BOSS004,Astra Void Beast,HARD,3828,6599,1820
2025-07-15,GLOBAL_WEST,BOSS004,Astra Void Beast,NIGHTMARE,1877,3298,372
2025-07-16,KR,BOSS004,Astra Void Beast,NORMAL,4698,6450,3736
2025-07-16,KR,BOSS004,Astra Void Beast,HARD,2341,3993,1104
2025-07-16,KR,BOSS004,Astra Void Beast,NIGHTMARE,1090,1853,159
2025-07-16,JP,BOSS004,Astra Void Beast,NORMAL,4619,6112,3523
2025-07-16,JP,BOSS004,Astra Void Beast,HARD,2207,3824,943
2025-07-16,JP,BOSS004,Astra Void Beast,NIGHTMARE,900,1557,177
2025-07-16,GLOBAL_WEST,BOSS004,Astra Void Beast,NORMAL,7884,10615,6275
2025-07-16,GLOBAL_WEST,BOSS004,Astra Void Beast,HARD,4021,6897,1883
2025-07-16,GLOBAL_WEST,BOSS004,Astra Void Beast,NIGHTMARE,1346,2400,211
2025-07-17,KR,BOSS004,Astra Void Beast,NORMAL,4873,6709,3787
2025-07-17,KR,BOSS004,Astra Void Beast,HARD,2327,4232,1111
2025-07-17,KR,BOSS004,Astra Void Beast,NIGHTMARE,923,1572,150
2025-07-17,JP,BOSS004,Astra Void Beast,NORMAL,4722,6107,3815
2025-07-17,JP,BOSS004,Astra Void Beast,HARD,2188,3843,1055
2025-07-17,JP,BOSS004,Astra Void Beast,NIGHTMARE,1005,1701,175
2025-07-17,GLOBAL_WEST,BOSS004,Astra Void Beast,NORMAL,8495,11336,6230
2025-07-17,GLOBAL_WEST,BOSS004,Astra Void Beast,HARD,3426,5902,1572
2025-07-17,GLOBAL_WEST,BOSS004,Astra Void Beast,NIGHTMARE,1333,2372,249
2025-07-18,KR,BOSS004,Astra Void Beast,NORMAL,4861,6595,3953
2025-07-18,KR,BOSS004,Astra Void Beast,HARD,2495,4297,1146
2025-07-18,KR,BOSS004,Astra Void Beast,NIGHTMARE,942,1659,186
2025-07-18,JP,BOSS004,Astra Void Beast,NORMAL,4738,6235,3614
2025-07-18,JP,BOSS004,Astra Void Beast,HARD,2511,4357,1188
2025-07-18,JP,BOSS004,Astra Void Beast,NIGHTMARE,1099,1866,269
2025-07-18,GLOBAL_WEST,BOSS004,Astra Void Beast,NORMAL,8309,11162,6951
2025-07-18,GLOBAL_WEST,BOSS004,Astra Void Beast,HARD,4015,6901,1897
2025-07-18,GLOBAL_WEST,BOSS004,Astra Void Beast,NIGHTMARE,1305,2283,231
2025-07-19,KR,BOSS004,Astra Void Beast,NORMAL,4905,6570,4036
2025-07-19,KR,BOSS004,Astra Void Beast,HARD,2415,4368,1163
2025-07-19,KR,BOSS004,Astra Void Beast,NIGHTMARE,1057,1813,168
2025-07-19,JP,BOSS004,Astra Void Beast,NORMAL,4680,6157,3596
2025-07-19,JP,BOSS004,Astra Void Beast,HARD,2360,4106,1084
2025-07-19,JP,BOSS004,Astra Void Beast,NIGHTMARE,942,1706,190
2025-07-19,GLOBAL_WEST,BOSS004,Astra Void Beast,NORMAL,8514,11458,6683
2025-07-19,GLOBAL_WEST,BOSS004,Astra Void Beast,HARD,4212,7209,2085
2025-07-19,GLOBAL_WEST,BOSS004,Astra Void Beast,NIGHTMARE,1963,3384,437
2025-07-20,KR,BOSS004,Astra Void Beast,NORMAL,5080,6766,4157
2025-07-20,KR,BOSS004,Astra Void Beast,HARD,2381,4106,1102
2025-07-20,KR,BOSS004,Astra Void Beast,NIGHTMARE,770,1414,148
2025-07-20,JP,BOSS004,Astra Void Beast,NORMAL,4649,6316,3547
2025-07-20,JP,BOSS004,Astra Void Beast,HARD,2342,4183,1034
2025-07-20,JP,BOSS004,Astra Void Beast,NIGHTMARE,863,1490,158
2025-07-20,GLOBAL_WEST,BOSS004,Astra Void Beast,NORMAL,8645,11893,6785
2025-07-20,GLOBAL_WEST,BOSS004,Astra Void Beast,HARD,4592,8119,2240
2025-07-20,GLOBAL_WEST,BOSS004,Astra Void Beast,NIGHTMARE,1674,2878,331
2025-07-21,KR,BOSS004,Astra Void Beast,NORMAL,5086,7201,4135
2025-07-21,KR,BOSS004,Astra Void Beast,HARD,2544,4396,1281
2025-07-21,KR,BOSS004,Astra Void Beast,NIGHTMARE,1036,1819,172
2025-07-21,JP,BOSS004,Astra Void Beast,NORMAL,4767,6312,3747
2025-07-21,JP,BOSS004,Astra Void Beast,HARD,2238,3948,1034
2025-07-21,JP,BOSS004,Astra Void Beast,NIGHTMARE,829,1517,134
2025-07-21,GLOBAL_WEST,BOSS004,Astra Void Beast,NORMAL,8612,11708,6727
2025-07-21,GLOBAL_WEST,BOSS004,Astra Void Beast,HARD,4368,7572,2144
2025-07-21,GLOBAL_WEST,BOSS004,Astra Void Beast,NIGHTMARE,2007,3475,377
2025-07-22,KR,BOSS004,Astra Void Beast,NORMAL,4905,6651,3895
2025-07-22,KR,BOSS004,Astra Void Beast,HARD,2637,4615,1239
2025-07-22,KR,BOSS004,Astra Void Beast,NIGHTMARE,1051,1894,182
2025-07-22,JP,BOSS004,Astra Void Beast,NORMAL,4816,6414,3671
2025-07-22,JP,BOSS004,Astra Void Beast,HARD,2361,4053,1165
2025-07-22,JP,BOSS004,Astra Void Beast,NIGHTMARE,957,1640,218
2025-07-22,GLOBAL_WEST,BOSS004,Astra Void Beast,NORMAL,8688,11874,7003
2025-07-22,GLOBAL_WEST,BOSS004,Astra Void Beast,HARD,4131,7129,2010
2025-07-22,GLOBAL_WEST,BOSS004,Astra Void Beast,NIGHTMARE,1696,3071,335
2025-07-23,KR,BOSS004,Astra Void Beast,NORMAL,5166,6805,4241
2025-07-23,KR,BOSS004,Astra Void Beast,HARD,2340,4034,1043
2025-07-23,KR,BOSS004,Astra Void Beast,NIGHTMARE,1179,2058,231
2025-07-23,JP,BOSS004,Astra Void Beast,NORMAL,4649,6282,3686
2025-07-23,JP,BOSS004,Astra Void Beast,HARD,2427,4272,1111
2025-07-23,JP,BOSS004,Astra Void Beast,NIGHTMARE,880,1468,228
2025-07-23,GLOBAL_WEST,BOSS004,Astra Void Beast,NORMAL,9029,11645,6968
2025-07-23,GLOBAL_WEST,BOSS004,Astra Void Beast,HARD,4470,7351,2232
2025-07-23,GLOBAL_WEST,BOSS004,Astra Void Beast,NIGHTMARE,1608,2903,231
2025-07-24,KR,BOSS004,Astra Void Beast,NORMAL,5014,6604,3871
2025-07-24,KR,BOSS004,Astra Void Beast,HARD,2667,4527,1187
2025-07-24,KR,BOSS004,Astra Void Beast,NIGHTMARE,1165,1988,239
2025-07-24,JP,BOSS004,Astra Void Beast,NORMAL,4541,6199,3583
2025-07-24,JP,BOSS004,Astra Void Beast,HARD,2418,4205,1155
2025-07-24,JP,BOSS004,Astra Void Beast,NIGHTMARE,1036,1764,159
2025-07-24,GLOBAL_WEST,BOSS004,Astra Void Beast,NORMAL,8829,11520,6888
2025-07-24,GLOBAL_WEST,BOSS004,Astra Void Beast,HARD,4395,7523,2099
2025-07-24,GLOBAL_WEST,BOSS004,Astra Void Beast,NIGHTMARE,1721,3002,307
2025-07-25,KR,BOSS004,Astra Void Beast,NORMAL,5351,7072,4147
2025-07-25,KR,BOSS004,Astra Void Beast,HARD,2676,4593,1323
2025-07-25,KR,BOSS004,Astra Void Beast,NIGHTMARE,1090,1886,196
2025-07-25,JP,BOSS004,Astra Void Beast,NORMAL,4841,6593,3813
2025-07-25,JP,BOSS004,Astra Void Beast,HARD,2521,4312,1210
2025-07-25,JP,BOSS004,Astra Void Beast,NIGHTMARE,909,1539,195
2025-07-25,GLOBAL_WEST,BOSS004,Astra Void Beast,NORMAL,8985,12125,6979
2025-07-25,GLOBAL_WEST,BOSS004,Astra Void Beast,HARD,4608,7860,2213
2025-07-25,GLOBAL_WEST,BOSS004,Astra Void Beast,NIGHTMARE,1648,2816,340
2025-07-26,KR,BOSS004,Astra Void Beast,NORMAL,5296,6898,4151
2025-07-26,KR,BOSS004,Astra Void Beast,HARD,2743,4805,1370
2025-07-26,KR,BOSS004,Astra Void Beast,NIGHTMARE,1322,2215,223
2025-07-26,JP,BOSS004,Astra Void Beast,NORMAL,4764,6588,3745
2025-07-26,JP,BOSS004,Astra Void Beast,HARD,2360,4164,1085
2025-07-26,JP,BOSS004,Astra Void Beast,NIGHTMARE,941,1667,220
2025-07-26,GLOBAL_WEST,BOSS004,Astra Void Beast,NORMAL,8805,12106,6814
2025-07-26,GLOBAL_WEST,BOSS004,Astra Void Beast,HARD,4487,7576,2184
2025-07-26,GLOBAL_WEST,BOSS004,Astra Void Beast,NIGHTMARE,1770,2957,400
2025-07-27,KR,BOSS004,Astra Void Beast,NORMAL,5146,6467,3907
2025-07-27,KR,BOSS004,Astra Void Beast,HARD,2728,4925,1371
2025-07-27,KR,BOSS004,Astra Void Beast,NIGHTMARE,884,1610,192
2025-07-27,JP,BOSS004,Astra Void Beast,NORMAL,4789,6133,3784
2025-07-27,JP,BOSS004,Astra Void Beast,HARD,2341,4162,1089
2025-07-27,JP,BOSS004,Astra Void Beast,NIGHTMARE,908,1548,170
2025-07-27,GLOBAL_WEST,BOSS004,Astra Void Beast,NORMAL,9156,12687,7213
2025-07-27,GLOBAL_WEST,BOSS004,Astra Void Beast,HARD,4576,8451,2106
2025-07-27,GLOBAL_WEST,BOSS004,Astra Void Beast,NIGHTMARE,1784,3063,297
2025-07-28,KR,BOSS004,Astra Void Beast,NORMAL,5440,7424,4300
2025-07-28,KR,BOSS004,Astra Void Beast,HARD,2576,4482,1163
2025-07-28,KR,BOSS004,Astra Void Beast,NIGHTMARE,926,1551,200
2025-07-28,JP,BOSS004,Astra Void Beast,NORMAL,4867,6462,3737
2025-07-28,JP,BOSS004,Astra Void Beast,HARD,2372,4219,1097
2025-07-28,JP,BOSS004,Astra Void Beast,NIGHTMARE,1082,1956,217
2025-07-28,GLOBAL_WEST,BOSS004,Astra Void Beast,NORMAL,9107,12321,7081
2025-07-28,GLOBAL_WEST,BOSS004,Astra Void Beast,HARD,4497,7853,1962
2025-07-28,GLOBAL_WEST,BOSS004,Astra Void Beast,NIGHTMARE,1823,3200,358
2025-07-29,KR,BOSS004,Astra Void Beast,NORMAL,5251,7418,4368
2025-07-29,KR,BOSS004,Astra Void Beast,HARD,2705,4539,1329
2025-07-29,KR,BOSS004,Astra Void Beast,NIGHTMARE,1105,1951,186
2025-07-29,JP,BOSS004,Astra Void Beast,NORMAL,4801,6739,3535
2025-07-29,JP,BOSS004,Astra Void Beast,HARD,2560,4621,1263
2025-07-29,JP,BOSS004,Astra Void Beast,NIGHTMARE,1030,1826,198
2025-07-29,GLOBAL_WEST,BOSS004,Astra Void Beast,NORMAL,9302,12095,7031
2025-07-29,GLOBAL_WEST,BOSS004,Astra Void Beast,HARD,4550,7894,2207
2025-07-29,GLOBAL_WEST,BOSS004,Astra Void Beast,NIGHTMARE,1809,3176,328
2025-07-30,KR,BOSS004,Astra Void Beast,NORMAL,5453,7622,4372
2025-07-30,KR,BOSS004,Astra Void Beast,HARD,2881,5068,1326
2025-07-30,KR,BOSS004,Astra Void Beast,NIGHTMARE,1078,1840,188
2025-07-30,JP,BOSS004,Astra Void Beast,NORMAL,4644,6477,3532
2025-07-30,JP,BOSS004,Astra Void Beast,HARD,2419,4080,1165
2025-07-30,JP,BOSS004,Astra Void Beast,NIGHTMARE,1166,2135,282
2025-07-30,GLOBAL_WEST,BOSS004,Astra Void Beast,NORMAL,9388,12220,7234
2025-07-30,GLOBAL_WEST,BOSS004,Astra Void Beast,HARD,4428,8085,2184
2025-07-30,GLOBAL_WEST,BOSS004,Astra Void Beast,NIGHTMARE,2217,3944,422
